<?xml version="1.0" encoding="UTF-8"?>
<div xmlns="http://www.tei-c.org/ns/1.0" xml:id="eb11-22-r-0949_02" type="entry">

<p><label> REBEC, </label>
or Rebeck (Med, Fr. rubbbe, rebelle, rebec, gtgue; Ger. Rubeba <sub> f </sub> Rebek, Geige, Lyra; Ital. ribeba, ribeca <sub> t </sub> lyra; Sp, rabely rabeca, ravt, rabi) <sub> t </sub> a medieval stringed instrument played with a bow, derived from the Oriental rebab. Like the rebab (^.r.), the rebec assumed at first one of two forms—the pear-shaped body with a wide base, strung with three strings, or the long, narrow pear- or boat-shaped body with two strings and, in addition, the other Oriental characteristics of the rebab, i.e. the vaulted back, the absence of ribs and pegs set in the back of the head. Except for the addition of a fingerboard, what is now recognised as the rebec underwent no structural development and never entered the domain of art. When the guitar-fiddle and the oval vielle with five strings made their appearance in Europe, apparently during the nth century, a number of hybrids combining characteristics of both types of construction spread rapidly over western Europe, A spoon-shaped instrument, in most cases without neck, the head being joined directly to the wide shoulders of the body, must not be confounded with these hybrids; the compass and capabilities of the instrument, which sometimes had but one single string, must have been extremely limited. What the name of the instrument was in the various ages is not known, but it may be classed with the rebab and rebec, from which it only differs in the outline of the body. The present writer discovered an Oriental archetype on a small terra-cotta figure<ref xml:id="eb11-22-r-0949_02p0949-r1" target="eb11-22-r-0949_02p0949-n1">3</ref><note xml:id="eb11-22-r-0949_02p0949-n1" n="3">* See Marc. Aurel Stein, Ancient Khotan : Detailed Report of the Archaeological Explorations in Chinese Turkestan carried ou{ by H.M. Indian Government (Clarendon Press, 1907), vol. i. pi. xlvii. No. Yoond. </note>* in the style of the GandhSra school, unearthed at Y5tkan on the site of the ancient Khotan. The round head is fastened directly to the shoulders, the three strings are thrown into relief by deep indentations, the bridge tail-piece has three notches. The instrument (assigned to some period between the 5th and 8th centuries a.d.) may be compared with the European medieval type, such, for instance, as the bowed spoon-shaped rebec on the capital of the left pillar in the miniature<ref xml:id="eb11-22-r-0949_02p0949-r2" target="eb11-22-r-0949_02p0949-n2">4</ref><note xml:id="eb11-22-r-0949_02p0949-n2" n="4">* See Laurent Grillet, Les ancetres du violon (Paris, 1901), vol. i. p. 29. The author calls these instruments lyra <sub> t </sub> which is a synonym of rebab. </note> of King David and his musiciaus, belonging to the 10th-century psalter of Labeo Notker at St Gallen; also with the musicians’ lyra on the western doorway of the church at Moissan;<ref xml:id="eb11-22-r-0949_02p0949-r3" target="eb11-22-r-0949_02p0949-n3">5</ref><note xml:id="eb11-22-r-0949_02p0949-n3" n="5">1 See Kathleen Schlesmger, The Instruments of the Orchestra, part ii., “ Precursors of the Violin Family ” (London, 1910), pi. iv. p. 154. The spoon-shaped instrument with a long neck on pi. v. (9th century) must be referred to the pandoura family. </note> and with the British Museum Add, MS. 17333, in which several of these spoon-shaped, neckless instruments are to be found.</p>
<p> The pear-shaped rebec with wide base was in all probability introduced into Europe through the Byzantine Empire, and the narrow boat-shaped by the Moors byway of Spain. The first of these types is represented on one of the sides of an ivory casket of Italo-Byzantine workmanship preserved among the Carrand Collection<ref xml:id="eb11-22-r-0949_02p0949-r4" target="eb11-22-r-0949_02p0949-n4">6</ref><note xml:id="eb11-22-r-0949_02p0949-n4" n="6">The casket^ has been reproduced by A. Venturi in Gallerie Naz. Ital·, vol. Hi., 1897, p. 263; and UArte, vol. i. 1896, p. 24. </note>* in the Palazzo del Podesta in Florence. It belongs to the same group as the Vcroli casket at the South Kensington Museum, all of which are assigned to the 9th century at the latest.</p>
<p> The pear-shaped rebec on the ivory casket, although like all rebecs it had no separate neck, was elongated to form one, and terminated in a lozenge-shaped head all in one piece with back and neck, the soundboard being cut to the same outline and glued to the back. There were four strings to these rebecs, of which there are many examples in English MSS. from the nth century. One of the best known, sometimes described as the Anglo-Saxon fythele, is the one played by Jeduthun in the usual illustration of KingIDavid and nis musicians prefaced to the Psalms in an Anglo-Saxon psalter (Cotton MS., Tib. C. VI., Brit. Mus.). Other examples are to be found in a Latin psalter illuminated by an English artist at the beginning of the 12th century (Lansd., 383, Brit. Mus.) <sub> ; </sub> in which the rebec has but one string and resembles the lyra teutonica mentioned above.<ref xml:id="eb11-22-r-0949_02p0949-r5" target="eb11-22-r-0949_02p0949-n5">7</ref><note xml:id="eb11-22-r-0949_02p0949-n5" n="7">1 See also English psalters of the 13th century in tne British Museum, Lansd. MS., 420, and Arundel, 157, ſol. 71b. * · ·</note> Medieval documentary evidence points to the fact that the long boat-shaped rebec had survived in Spain and spread by way of France over western Europe. The much-quoted 14th-century</p>

<pb n="eb11-22-r-0950"/>
<p> poem by Juan Ruiz, archipreste de Hita,<ref xml:id="eb11-22-r-0949_02p0950-r1" target="eb11-22-r-0949_02p0950-n1">1</ref><note xml:id="eb11-22-r-0949_02p0950-n1" n="1"> See Mariano Soriano Fuertes, Historia de la Música española (Madrid, 1855), vol. i. p. 105. Ay meric du Peyrae, in his Vita Carols Magni (13th century), mentions the rebec; see Du Cange, Glossarium , s.v. 44 Baudosa.” Hieronymus of Moravia mentions the rubebe, and states that it has three strings, whereas the vielle had five (MS. Fonds Latin, No. 16 [663 actuel.], Paris Bibl. Nat.). In the Minne Regel (“ Rules of the Minnesingers ”), 1404, line 415: 14 Noch dan quinterna, gyge, videle, lyra, rubeba ” ; see Der Minne Regel von Eberhardus Cercne aus Minden , 1404, edited by Franz Xaver Woeber (Vienna, 1861), p. 24. </note> containing an enumeration of the musical instruments of his day, includes el ravé gritador con su alta nota (the shrill rebec with its high note) and el rabe morisco. By a process of deduction we have no difficulty in identifying the long, narrow, boat-shaped instrument as el robé morisco , since the instrument has survived almost unchanged among the Arabs of the present day<ref xml:id="eb11-22-r-0949_02p0950-r2" target="eb11-22-r-0949_02p0950-n2">2</ref><note xml:id="eb11-22-r-0949_02p0950-n2" n="2">2 For an illustration see Carl Engel, Researches into the History of the Violin Family , and E. Heron-Allen, The Violin , and how to make it. </note> from the 13th century, and probably from the early centuries of our era. The shrill rebec {el rave gritador) with thinner strings was the pear-shaped instrument, in the magnificent MS. known as the Cantigas di Santa Maria, assigned to the 13th century,<ref xml:id="eb11-22-r-0949_02p0950-r3" target="eb11-22-r-0949_02p0950-n3">3</ref><note xml:id="eb11-22-r-0949_02p0950-n3" n="3">3 Edward Buhle is of opinion that the miniatures in these MSS. are the work of a 14th-century artist. See Die Musik-instrumente in den Minaturhandschriften des Mittelalters (Leipzig, 1903). </note> there are three of those boat-shaped rebecs played with a bow and one twanged by the fingers; they have finger-boards and two strings, and are held like the violoncello. Rebabs of this type, but without bows, were in use in ancient Persia, c. 789 b.c., as is demonstrated by some little terra-cotta figures of musicians unearthed in a tell at Suza.<ref xml:id="eb11-22-r-0949_02p0950-r4" target="eb11-22-r-0949_02p0950-n4">4</ref><note xml:id="eb11-22-r-0949_02p0950-n4" n="4">4 See J. de Morgan, La Délégation en Perse (Paris, 1900), vol. i. pl. viii., Nos. 8 and 9. </note> Two of the instruments, held, however, like the violin, are unmistakably the archetypes of this rebec. The rebec did not escape the general tendency so noticeable in Europe from the 12th to the 15th century towards the ornamentation of musical instruments with grotesque heads. The socket of the chaunter of the bagpipe, the heads of the cittern and ghittern, the mandoline and the rebec, were all alike decorated with grotesque human or animal heads, which in England became proverbial as cittern-heads . The boat-shaped rebec survived as the sordino or pochette ,<ref xml:id="eb11-22-r-0949_02p0950-r5" target="eb11-22-r-0949_02p0950-n5">5</ref><note xml:id="eb11-22-r-0949_02p0950-n5" n="5">6 There is a pochette in the Galpin Collection, c, 1700; for an illustration see Kathleen Schlesinger, The Instruments of the Orchestra , part ii., 44 Precursors of the Violin Family/’ p. 201, fig. 158. </note> an instrument widely used by dancing mastere until the 19th century, when it was abandoned for the kit, a diminutive violin. The pochette , as its name in French and also in German {Taschengeige) indicates, was small enough to be carried in the pocket; it measured from 15 to 18 in. and was played with a correspondingly small bow. The 15th- and 16th-century rebec or geige , as the pear-shaped variety was called in Germany {gigue in France), is figured by Sebastian Virdung;<ref xml:id="eb11-22-r-0949_02p0950-r6" target="eb11-22-r-0949_02p0950-n6">6</ref><note xml:id="eb11-22-r-0949_02p0950-n6" n="6">* Música getuischt und ausgezogen , Basel, 1511, reprinted in Publikationen d. Ges.f. Musikforschung , Berlin, 1883, Bd. xi. </note> there were three strings tuned to G, D, A, and it had a finger-board cut in one piece with the sound-board in some cases and forming a step. Some writers consider that the addition of the finger-board constituted the difference between the geige and the rebec. Facts hardly support this theory, since the lyra teutónica in the 9th or nth century already had a finger-board, and Farabi, the Arabic scholar of the 10th century, who was equally familiar with the Greek, Persian and Arabic musical systems, distinctly states that the rebab was also known as the lyra. The modern Greek rebec with three strings is to this day played by rustic musicians under the name of lyra . Moreover, in Germany, bowed instruments of all kinds were at first known as geige, in contradistinction to those whose strings were plucked, classed together as cytharas or some word derived from it, the most modern example of which is the zither. With the rise of the viols and later of the violin, which represent the most perfect type of construction for stringed instruments, the rebec tribe, inferior in every respect and without artistic merit, was gradually relegated beyond the pale,<ref xml:id="eb11-22-r-0949_02p0950-r7" target="eb11-22-r-0949_02p0950-n7">7</ref><note xml:id="eb11-22-r-0949_02p0950-n7" n="7">7 Antoine Vidal in La Lutherie et les luthiers , to show the contempt with which the rebec was viewed in France in the 15th century, quotes from the charges of King Charles V 11 L, 1483, where the following entry occurs: 44 On donna sur son ordre 35 sols à une poure insensée qui jouoit du rebec.” The lieutenant of Paris, in March 27, 1628, issued the following order: 41 Faisant défenee à tous musiciens de jouer dans les cabarets et mauvais lieux des dessus, basses ou autres parties de violon ains seulement du rebec.” A well-known passage in Chaucer testifies to a similar contempt in 14th-century England: 14 Brother, quod he, here woneth an old rebekke,” &amp;c. {Freres Tale , 7156). </note> and by the 18th century had fallen into disuse except in certain rural districts, where for outdoor music, their shrill, penetrating tone continues to endear them to itinerant and village musicians. (K. S.) </p>

</div>