<?xml version="1.0" encoding="UTF-8"?>
<div xmlns="http://www.tei-c.org/ns/1.0" xml:id="eb11-22-r-0921_04" type="entry">

<p><label> RAUMER, FRIEDRICH LUDWIG GEORG VON </label>
(1781-1873), German historian, was born at Worlitz in Anhalt on the 14th of May 1781. His father (d. 1822), as Kammerdirektor in Anhalt, did excellent service to agriculture. After studying at the Joachimsthal Gymnasium, Berlin, and at the universities of Halle and Gottingen, Raumer began to practise law, and rose in the civil service under Hardenberg, the chancellor. He was made a professor at the university of Breslau in 1811, and in 1819 he became professor of political science and history at Berlin, holding the chair until 1847, and giving occasional lectures until 1853. In 1815 he had carried on historical investigations in Venice, and in the two following years he had travelled in Germany, Switzerland and Italy. In 1848 he was elected a member of the German parliament at Frankfort, where he associated himself with the right centre, supporting the proposal for a German empire under the supremacy of Prussia; and he was one of the deputation which offered the imperial crown to Frederick William IV. After the breakdown of the German parliament, Raumer returned to Berlin, where he was made a member of the first chamber of the Prussian parliament. He died at Berlin on the 14th of June 1S73. Raumcr’s style is direct, lucid and vigorous, and in his day he was a popular historian, but judged by strictly scientific standards he does not rank among the first men of his time.</p>
<p> His first work, published anonymously in 1806, was entitled Seeks Dialoge fiber Krieg und Handel. This was followed by Das brilische Besteuerungssystem (1810), Ilandbuch merkwiirdiger Stellen aus den lateinischen Geschichtschreibern des Mittelalters (1813), Ilerbstreise nach Venedig (1816) and other books. His most famous works are Geschichie der Ilohenstauſen und ihrer Zeit (1823-25; 5th ed., 1876) and Geschichie Euro pas sett dem Ende des 15 ten Jahr-hunderts (1832-50). In 1831 appeared Briefe aus Paris und Frank-reich im Jahre 1830 and Briefe aus Paris zur Erlauterung der Geschichie des i6ten und 17ten Jahrhunderts. He went to England in <sup> 1 </sup> 835, to Italy in 1839 and to America in 1843, and these visits led to the publication of various works—England in 1835 (1836), Beitrage zur neuern Geschichie aus dem Britischen Museum und Reiths-archive (1836-39), Italien, Beitrage zur Kenntniss dieses Landes (1840), Die Vereinigten Staaten von Nordamerika (1845). Among his later books may be mentioned Antiquarische Briefe (1851), Historisch-politische Briefe fiber die geselligen Verhaltnisse der Men-schen (i860), Lebenserinnerungen und Briefwechsel (1861) and Hand-buck zur Geschichie der Literatur (1864-66). In 1830 Raumer began the Historisches Taschenbuch published by Brockhaus, which from 1871 was continued by Rich].</p>

</div>