<?xml version="1.0" encoding="UTF-8"?>
<div xmlns="http://www.tei-c.org/ns/1.0" xml:id="eb11-22-r-0937_03" type="entry">

<p><label> RAZOR </label>
(O.F. rasor <sub> t </sub> mod. rasoir, from raser, to scrape, rase, Late Lat. rasarej frequentative of radere <sub> t </sub> to scrape), a sharp-edged cutting instrument, used for shaving the hair and beard. The typical razor consists of a blade, usually curving slightly backward, folding into a handle, to which it is fastened by a tang and rivet. The back of the blade is thick and the sides are hollowed or slope to the fine edge (see Cutlery). In modem times various forms of safety-razor have been invented, in which the blade fits into a fixed handle with a toothed or comb-like shield which protects the face from cutting.</p>

</div>