<?xml version="1.0" encoding="UTF-8"?>
<div xmlns="http://www.tei-c.org/ns/1.0" xml:id="eb11-22-r-0812_02" type="entry">

<p><label> RAETIA </label>
(so always in inscriptions; in classical MSS. usually Rhaetia), in ancient geography, a province of the Roman Empire, bounded on the W. by the country of the Helvetii, on the E. by Noricum, on the N. by Vindelicia and on the S. by Cisalpine Gaul. It thus comprised the districts occupied in modern times by the Grisons, the greater part of Tirol, and part of Lombardy. The land was very mountainous, and the inhabitants, when not engaged in predatory expeditions, chiefly supported themselves by cattle-breeding and cutting timber, little attention being paid to agriculture. Some of the valleys, however, were rich and fertile, and produced com and wine, the latter considered equal to any in Italy. Augustus preferred Raetian wine to any other. Considerable trade was also carried on in pitch, honey, wax and cheese. Little is known of the origin or history of the Raetians, who arc described as one of the most powerful and warlike of the Alpine tribes. It is distinctly stated by Livy (v. 33) that they were of Etruscan origin (a view favoured by Niebuhr and Mommsen). A tradition reported by Justin (xx. 5) and Pliny {Nat. Hist . iii. 24, 133) affirmed that they were a portion of that people who had settled in the plains of the Po and were driven into the mountains by the invading Gauls, when they assumed the name of Raetians from their leader Raetus; a more probable derivation, however, is from Celtic rail, “ mountain land.” Even if their Etruscan origin be accepted, at the time when the land became known to the Romans, Celtic tribes were already in possession of it and had amalgamated so completely with the original inhabitants that, generally speaking, the Raetians of later times may be regarded as a Celtic people, although non-Celtic tribes (Lepontii, Euganei) were settled among them. The Raetians are first mentioned (but only incidentally) by Polybius (xxxiv. 10, 18), and little is heard of them till after the end of the Republic. There is little doubt, however, that they retained their independence until their subjugation in 15 b.c. by Tiberius and Drusus (cf. Horace, Odes , iv. 4 and 14). At first Raetia formed a distinct province, but towards the end of the 1st century a.d. Vindelicia was added to it; hence Tacitus {Germania, 41) could speak of Augusta Vindelicorum (Augsburg) as “ a colony of the province of Raetia.” The whole province (including Vindelicia) was at first under a military prefect, then under a procurator; it had no standing army quartered in it, but relied on its own native troops and militia for protection. In the reign of Marcus Aurelius it was governed by the commander of the Legio iii. Italica . Under Diocletian it formed part of the diocese of the vicarius Italiae , and was subdivided into Raetia prima and secunda (each under a praeses ), the former corresponding to the old Raetia, the latter to Vindelicia. The boundary between them is not clearly defined, but may be </p>

<pb n="eb11-22-r-0813"/>
<p> stated generally as a line drawn eastwards from the lacus Brigantinus (Lake of Constance) to the river Oenus (Inn). During the last years of the Western Empire, the land was in a desolate condition, but its occupation by the Ostrogoths in the time of Theodoric, who placed it under a dux, to some extent revived its prosperity. The chief towns of Raetia (excluding Vindclicia) were Tridcntum (Trent) and Curia (Coire or Chur). It was traversed by two great lines of Roman roads—one leading from Verona and Tridcntum across the Brenner (in which the name of the Brenni has survived) to Oenipons (Innsbruck) and thence to Augusta Vindelicorum; the other from Brigantium (Bregenz) on Lake Constance, by Coire and Chiavcnna to Como and Milan.</p>
<p> See P. C. Planta, Das alte Ratien (Berlin, 1872); T. Mommsen in Corpus Inscriptionum Lat inarum, iii. p. 706; J. Marquardt, Rdmische Staatsverwaltung, i. (2nd ed., 1881) p. 288; L. Steub, Ober die Urbewohner Rattens und ihren Zusammenhang mil den Etruskern (Munich, 1843); J. Jung, Rdmer und Romanen in den Donauldndern (Innsbruck, 1877); Smith’s Diet. of Grcek'and Roman Geography (1873); T. Mommsen, The Roman Provinces (Eng. trans., 1886), i. pp. 16, 161, 196; Mary B. Peaks, The General Civil and Military Administration of Noricum and Raetia (Chicago, 1907).</p>

</div>