<?xml version="1.0" encoding="UTF-8"?>
<div xmlns="http://www.tei-c.org/ns/1.0" xml:id="eb11-22-r-0874_03" type="entry">

<p><label> RAMESES, </label>
or Ramesses (Gen. xlvii. 11; Exod. xii. 37; Num. xxxiii. 3), or, with a slight change in the vowel points, Raamses (Exod. i. n), the name of a district and town in Lower Egypt, is notable as affording the mainstay of the current theory that King Rameses II. was the pharaoh of the oppression and his successor Minephthas the pharaoh of the exodus. The actual facts, however, hardly justify so large an inference. The </p>

<pb n="eb11-22-r-0875"/>
<p> first three passages cited above are all by the priestly &lt;post-cxile) author and go together. Jacob is settled by his son Joseph in the land of Rameses and from the same Rameses the exodus naturally takes place. The older narrative speaks not of the land of Rameses but of the land of Goshen; it seems probable, therefore, that the later author interprets an obsolete term by one current in his own day, just as the Septuagint in Gen. xlvi. 28 names instead of Goshen Heroopolis and the land of Rameses. Heroopolis lay on the canal connecting the Nile and the Red Sea, and not far from the head of the latter, so that the land of Rameses must be sought in Wadi TQmfiat near the line of the modern fresh-water canal. In £xod. i. 11, again, the store-cities or arsenals which the Hebrews built for Pharaoh are specified as Pithom and Raamses, to which the Septuagint adds Heliopolis. Pithom also takes us to the Wadi TOmilat. But did the Israelites maintain a continuous recollection of the names of the cities on which they were forced to build, or were these names rather added by a writer who knew what fortified places were in his own time to be seen in Wadi TOmilat? The latter is far the more likely case, when we consider that the old form of the story of the Hebrews in Egypt is throughout deficient in precise geographical data, as might be expected in a history not committed to writing till the Israelites had resided for centuries in another and distant land. The post-exile or priestly author indeed gives a detailed route for the exodus (which is lacking in the older story), but he, we know, was a student of geography and might supplement tradition by what he could gather from traders as to the caravan routes.<ref xml:id="eb11-22-r-0874_03p0875-r1" target="eb11-22-r-0874_03p0875-n1">1</ref><note xml:id="eb11-22-r-0874_03p0875-n1" n="1"> From the position of the words it is even not unlikely that 11 Pithom and Raamses ” may be the addition of a redactor, and that the first author of Exod. i. 11 only spoke generally of store-cities.</note> And at all events to argue that, because the Hebrews worked at a city named after Rameses, they did so in the reign of the founder, is false reasoning, for the Hebrew expression might equally be used of repairs or new works of any kind.</p>
<p> It appears, however, from remains and inscriptions that Rameses II. did build in WSdi Tumilat, especially at Tell Maskhuta, which Lcpsius therefore identified with the Raamses of Exodus. This identification is commemorated in the name of the adjacent railway station. But Naville’s excavations found that the ruins were those of Pithom and that Pithom was identical with the later Heroopolis. Petrie found sculptures of the age of Rameses II. at Tel Rotab, in the Wadi Tumilat west of Pithom, and concludes that this was Rameses. The Biblical city is probably one of those named Prameses, “ House of Ramesses,” in the Egyptian texts.</p>
<p> See Pithom; and W. M. F. Petrie, Hyksos and Israelite Cities, p. 28 et sqq. (W. R. S., F. Ll. G.)</p>

</div>