<?xml version="1.0" encoding="UTF-8"?>
<div xmlns="http://www.tei-c.org/ns/1.0" xml:id="eb11-22-r-0937_04" type="entry">

<p><label> RAZORBILL, </label>
or Razor-billed Auk, known also on many parts of the British coasts as the Marrot, Murre, Scout, Tinker or Willock—names which it, however, shares with the Guillemot (fl.tf.) and to some extent with the Puffin (g.t?.)—a common sea-bird of the North Atlantic, <sup> 1 </sup> resorting in vast numbers to certain rocky cliffs for the purpose of breeding, and returning to deeper waters for the rest of the year. It is the A lea torda of Linnaeus <sup> 2 </sup> and most modem authors, congeneric with the Gare-fowl (tf.r.), if not with the true Guillemots, between which two forms it is intermediate—differing-from the former in its small size and retaining the power of flight, which that extinct species had lost, and from the latter in its peculiarly-shaped bill, which is vertically enlarged, compressed, and deeply furrowed, as well as in its elongated, wedge-shaped tail. A fine white line, running</p>

<pb n="eb11-22-r-0938"/>
<p> on each side from the base of the culmen to the eye, is in the adult bird in breeding-apparel (with rare exceptions) a further characteristic. Otherwise the appearance of all these birds may be briefly described in the same words—head, breast and upper parts generally of a deep glossy black, and the lower parts and tip of the secondaries of a pure white, while the various changes of plumage dependent on age or season are alike in all. In habits the razorbill closely agrees with the true guillemots, laying its single egg (which is not, however, subject to the same variety of coloration as in the guillemot) on the ledges of cliffs, but it is said as a rule to occupy higher elevations, and when not breeding to keep farther out to sea. On the east side of the Atlantic the Razorbill has its breeding stations from the North Cape to Brittany, besides several in the Baltic, while in winter it passes much farther to the southward, and is sometimes numerous in the Bay of Gibraltar, occasionally entering the Mediterranean, but apparently never extending east of Sicily or Malta. On the west side of the Atlantic it breeds from 70° N. lat. on the eastern shore of Baffin’s Bay to Cape Farewell, and again on the coast of America from Labrador and Newfoundland to the Bay of Fundy, while in winter it reaches Long Island. (A. N.) </p>

</div>