<?xml version="1.0" encoding="UTF-8"?>
<div xmlns="http://www.tei-c.org/ns/1.0" xml:id="eb11-22-r-0947_01" type="entry">

<p><label> REAUMUR, RENE ANTOINE FERCHAULT DE </label>
(1683-1757), French man of science, was born on the 28th of February 1683 at La Rochelle and received his early education there. He was taught philosophy in the Jesuits' college at Poitiers, and in 1699 went to Bourges to study civil law and mathematics under the charge of an uncle, canon of La Sainte-Chapelle. In 1703 he came to Paris, where he continued the study of mathematics and physics, and in 1708, at the early age of twenty-four, was elected a member of the AcadSmie des Sciences. From this time onwards for nearly half a century hardly a year passed in which the Mimoires de VAcadimie did not contain at least one paper by Reaumur. At first his attention was occupied by mathematical studies, especially in geometry. In 1710 he was appointed to the charge of a great government work—the official description of the useful arts and manufactures—which led him to many practical researches that resulted in the establishment of manufactures new to France and the revival of neglected industries. For discoveries regarding iron and steel he was awarded a pension of 12,000 livres; but, being content with his ample private income, he requested that the money should be secured to the Acad6mie des Sciences for the furtherance of experiments on improved industrial processes. In 1731 he became interested in meteorology, and invented the thermometer scale which bears his name. In 1735 family arrangements obliged him to aocept the post of commander and intendant of the royal and military order of Saint-Louis; he discharged his duties with scrupulous attention, but declined the emoluments. He took great delight in the systematic study of natural history. His friends often called him the Pliny of the 18th century. He loved retirement and lived much at his country residences, at one of which, La Bermon-diere (Maine), he met with a fall from horseback, the effects of which proved fatal on the 17th of October 1757. He bequeathed his manuscripts, which filled 138 portfolios, and his natural history collections to the Academic des Sciences.</p>
<p> Reaumur*s scientific papers deal with nearly all branches of science; his first, in 1708, was on a general problem in geometry; his last, in 1756, on the forms of birds* nests. He proved experimentally the fact that the strength of a rope is less than the sum of the strengths of its separate strands. He examined and reported on the auriferous rivers, the turquoise mines, the forests and the fossil beds of France. He devised the method of tinning iron that is still employed, and investigated the differences between iron and steel, correctly showing that the amount of carbon (sulphur in the language of the old chemistry) is greatest in cast iron, less in steel, and least in wrought iron. His book on this subject (1722) was translated into English and German. The thermometer by which he is now best remembered was constructed on the principle of taking the freezing-point of water as o°, and graduating the tube into degrees each of which was one-thousandth of the volume contained by the bulb and tube up to the zero mark. It was an accident dependent on the dilatability of the particular quality of alcohol employed which made the boiling-point of water 8o°; and mercurial thermometers the stems of which are graduated into eighty equal parts between the freezing- and boiling-points of water are not R6aumur thermometers in anything but name.</p>
<p> Reaumur wrote much on natural history. Early in life he described the locomotor system of the Echinodermata, and showed that the supposed vulgar error of Crustaceans replacing their lost limbs was an actual fact. In 1710 he wrote a paper on the possibility of spiders being used to produce silk, which was so celebrated at the time that the Chinese emperor Kang-he caused a translation of it to be made. He treated also of botanical and agricultural matters, and devised processes for preserving birds and eggs. He elaborated a system of artificial incubation, and made important observations on the digestion of carnivorous and graminivorous birds. _ His greatest work is the Memoires pour servir d Vhistoire des insectes, 6 vols., with 267 plates (Amsterdam, 1734-42). It describes the appearance, habits and locality of all the known insects except the beetles, and is a marvel of patient and accurate observation. Among other important facts stated in this work are the experiments which enabled R£aumur to prove the correctness of PeyssoneTs hypothesis, that corals are animals and not plants.</p>

</div>