<?xml version="1.0" encoding="UTF-8"?>
<div xmlns="http://www.tei-c.org/ns/1.0" xml:id="eb11-23-r-0002_01" type="entry">

<p><label> REFLECTION OF LIGHT</label>
. When a ray of light in a homogeneous medium falls upon the bounding surface of another medium, part of it is usually turned back or reflected and part is scattered, the remainder traversing or being absorbed by the second medium. The scattered rays (also termed the irregularly or diffusely reflected rays) play an important part in rendering objects visible—in fact, without diffuse reflection non-luminous objects would be invisible; they are occasioned by irregularities in the surface, but are governed by the same law as holds for regular reflection. This law is; the incident and reflected rays make equal angles with the normal to tbe reflecting surface at the point of incidence, and arc coplanar with the normal. This is equivalent to saying that the path of the ray is a minimum.<ref xml:id="eb11-23-r-0002_01p0002-r1" target="eb11-23-r-0002_01p0002-n1">1</ref><note xml:id="eb11-23-r-0002_01p0002-n1" n="1"> This principle of the minimum path, however, only holds for plane and convex surfaces; with concave surfaces it may be a maximum in certain cases. </note> In fig. 1 , MN represents the section of a plane mirror; OR is the incident ray, RP the reflected ray, and TR the normal at R. Then the law states that the angle of incidence ORT equals the angle of reflection PRT, and that OR, RT and RP are in the same plane. This natural law is capable of ready experimental proof (a simple one is to take the altitude of a star with a meridian circle, its depression in a horizontal reflecting surface of mercury and the direction of the nadir), and the most delicate instruments have failed to detect any divergence from it. Its explanation by the Newtonian corpuscular theory is very simple, for we have only to assume that at the point of impact the perpendicular velocity of a corpuscle is reversed, whilst the horizontal velocity is unchanged (the mirror being assumed horizontal). The wave-theory explanation is more complicated, and in the simple form given by Huygens incomplete. The theory as developed by Fresnel shows that regular reflection is due to a small zone in the neighbourhood of the point R (above), there being destructive interference at all other points on the mirror; this theory also accounts for the polarization of the reflected light when incident at a certain angle (see Polarization of Light). The smoothness or polish of the surface largely controls the reflecting power, for, obviously, crests and furrows, if of sufficient magnitude, disturb the phase relations. The permissible deviation from smoothness depends on the wave-length of the light employed; it appears that surfaces smooth to within jth of a wave-length reflect regularly; hence long waves may be regularly reflected by a surface which diffuses short waves. Also the obliquity of the incidence would diminish the effect of any irregularities; this is experimentally confirmed by observing the images produced by matt surfaces or by smoked glass at grazing incidence. We now give some elementary constructions of reflected rays, or, what comes to the same thing, of images formed by mirrors. 1. If O be a luminous point and OR a ray incident at R on the plane mirror MN (fig. 1) to determine the reflected ray and the 'image of O. If RP be the reflected ray and RT perpendicular </p>

<pb n="eb11-23-r-0003"/>
<p> to MN, then, by the law of reflection, angle ORT = TRP or ORM=PRN. Hence draw OQ perpendicular to MN, and produce it to S, making QS = OQ; join SR and produce to P. It is easily seen that PR and OR are equally inclined to RT (orMN). A point-eye at P would see a point object 0 at S, i.e. at a distance below the mirror equal to its height above. If the object be a solid, then the images of its corners are formed by taking points at the same distances below as the corners are above the mirror, and joining these points. The eye, however, sees the image perverted, i.e., in the same relation as the left hand to the right. Fig. 2 shows how an extended object is viewed in a mirror by a natural eye.</p>
<p> 2. If A, B be two parallel plane mirrors and O a luminous point between them (fig. 3) to determine the images of O all the images must lie on the line (produced) PQ passing through O and perpendicular to the mirrors. Let OP =£, OQ = q. Then if O' be the image of O in A, 00'= 2p; now O' has an image O' in B, such that 00* = OQ-\-QO* = q-\-q-\-2p = 2p-\-2q; similarly O" has an image O'" in A, such that 00'" =4^+2?. In the same way 0 forms an image Oi in B such that OOi = 2q\ Oi has an image On in A, such that OOn = 2^+23; On has an image Om in B, such that OOni=?p+43i .and so on. Hence there are an infinite number of images at definite distances from the mirrors. This explains the vistas as seen, for example, between two parallel mirrors at the ends of a room.</p>
<p> 3. If A, B be two plane mirrors inclined at an angle Θ, and intersecting at C, and O a luminous point between them, determine the position and number of images.</p>
<p> Call are OA = a, 0B=/3. The image of O in A, i.e. a', is such that Oa' is perpendicular to CA, and Οα' = 2α. Also Ca' = CO; and it is easily seen that all the images lie on a circle of centre C and radius CO. The image a' forms an image a" in B such that Oa" * = OB + Ba*'=0+Ba'=j8-|-OB4-Oa' — 2β-\-2α = 2θ. Also a" forms an image a'" in A such that θα'" =ΟΑ+Αα' = 2α-[-20. And generally Οα <sup> 2η </sup> = 2η0, Οα <sup> 2η+1 </sup> = 2η0+2α. In the same way it can be shown that the image first formed in B gives foci of the general distances: 06 <sup> 2n </sup> = 2ηθ, 06 <sup> 2n+1 </sup> = 2ηθ-{-2β. The number,of images is limited, for when any one falls on the are ab between the mirrors produced, it lies behind both mirrors, and hence no further image is possible. Suppose α <sup> ίη </sup> be the first image to fall on this are, then are Οα <sup> 2η </sup> &gt;ΟΒα, i.e. 2ηθ&gt;π — a of 2n&gt; (ττ-α)/0. Similarly if a <sup> 2ft+1 </sup> be the first to fall on ab, we obtain 2η+ι&gt; (ττ — α)/θ. Hence in both cases the number of images is the integer next greater than (τ — α)/θ. In the same way it can be shown that the number of images of the b series is the integer next greater than (τΓ—β)/θ. If τγ/Θ be an integer, then the number ot images of each series is Trie, for a/0 and β/θ are proper fractions. But an image of each series coincides; for if ττ/θ = 2η, we have Οα <sup> 2η </sup> +Ο6 <sup> 2η </sup> = 2η0-1-2η0 = 27Γ i.e. a <sup> 2 </sup> * <sup> 1 </sup> and 6 <sup> 2n </sup> coincide; and if *r/0 = 2»+i, we have Oa <sup> 2n </sup> + <sup> 1 </sup> + O6 <sup> 2ft+1 </sup> = 4n04-2(a-b/3) = (4«_|-2) ρ — <sub> 2 </sub> r, i.e. a <sup> 2n+l </sup> and δ <sup> 2 </sup> ”* <sup> 1 </sup> coincide. Hence the number of images, including the luminous point, is 2π/θ. This principle is utilized in the kaleidoscope (q.v.), which produces five images by means of its mirrors inclined at 6o° (fig. 4). Fig. 5 shows the seven images formed by mirrors inclined at 45 4. To determine the reflection at a spherical surface. Let APB (fig. 6) be a section of a concave spherical mirror through its centre O and luminous point U. If a ray, say UP, meet the surface, it will be reflected along PV, which is coplanar with UP and the normal PO at P, and makes the angle VPO = UPO. Hence VO/VP = OU/UP. This expression may be simplified if we assume P to be very close to A, i.e. that the ray UP is very slightly inclined to the axis. Writing A for P, we have VO/AV=OU/AU; and calling AU=w, AV=v and AO = r, this reduces to ir <sup> l </sup> +ir <sup> 1 </sup> *=2r~ <sup> 1 </sup> .</p>
<p> This formula connects the distances of the object and image formed by a spherical concave mirror with the radius of the mirror. Points satisfying this relation are called "conjugate foci,” for obviously they are reciprocal, i.e. u and v can be interchanged in the formula.</p>
<p> If u be infinite, as, for example, if the luminous source.be a star, then v <sup> -1 </sup> = 2r <sup> -1 </sup> , i.e. v = 1/2r. This value is called the focal length of the mirror, and the corresponding point, usually denoted by F, is called the " principal focus.” This formula requires modification for a convex mirror. If u be always considered as positive (v may be either positive or negative), r must be regarded as positive with concave mirrors and negative with convex. Similarly the focal length, having the same sign as r, has different signs in the two cases.</p>
<p> In this formula all distances are measured from the mirror; but it is sometimes more convenient to measure from the principal focus. If the distances of the object and image from the principal focus be x and y, then u = x+f and v = y+f (remembering that f is positive for concave and negative for convex mirrors). Substituting these values in u <sup> -l </sup> +v <sup> -l </sup> and reducing we obtain xy=p. Since is always positive, x and y must have the same sign, i.e. the object and image must lie on the same side of the principal focus.</p>
<p> We now consider the production of the image of a small object placed symmetrically and perpendicular to the axis of a concave (fig. 7) and a convex mirror (fig. 8). Let PQ be the object and A the vertex of the mirror. Consider the point P. Now a ray through P and parallel to the axis after meeting the mirror at M is reflected through the focus F. The line MF must therefore contain the image of P. Also a ray through P and also through the centre of curvature C of the mirror is reflected along the same path; this also contains the image of P. Hence the image is at P, the intersection of the lines MF and PC. Similarly the image of any other point can be found, and the final image deduced. We notice that in fig. 6 the image is inverted and real, and in fig. 7 erect and virtual. The " magnification ” or ratio of the size of the image to the object can be deduced from the figures by elementary geometry; it equals the ratio of the distances of the image and object from the mirror or from the centre of curvature of the mirror.</p>
<p> The positions and characters of the images for objects at varying</p>

<pb n="eb11-23-r-0004"/>
<p> distances are shown in the table (F is the principal focus and C the centre of curvature of the mirror MA). </p><table > <row> <cell cols="3"> <p> Concave Mirror </p> </cell> </row> <row> <cell> <p> Position of Object. </p> </cell> <cell> <p> Position of Image. </p> </cell> <cell> <p> Character of Image. </p> </cell> </row> <row> <cell > <p> 00 Between 00 and C C Between C and F Between F and A A </p> </cell> <cell > <p> F Between F and C . c Between C and w Between A and - w A </p> </cell> <cell > <p> Real. Real,inverted,diminished „ ,, same size ,, j, magnified Virtual, erect, magnified Erect, same size </p> </cell> </row> <row> <cell cols="3"> <p> Convex Mirror </p> </cell> </row> <row> <cell> <p> Position of Object. </p> </cell> <cell> <p> Position of 1 mage. </p> </cell> <cell> <p> Character of Image. </p> </cell> </row> <row> <cell > <p> 00 Between ooand A A </p> </cell> <cell > <p> F Between F and A A </p> </cell> <cell > <p> Virtual Virtual, erect, diminished Erect, same size </p> </cell> </row></table><p> The above discussion of spherical mirrors assumes that the mirror has such a small aperture that the reflected rays from any point unite in a point. This, however, no longer holds when the mirror has a wide aperture, and in general the reflected rays envelop a caustic {q.v., see also Aberration). The only mirror which can sharply reproduce an object-point as an image-point has for its section an ellipse, which is so placed that the object and image are at its foci. This follows from a property of the curve, viz. the sum of the focal distances is constant, and that the focal vectores are equally inclined to the normal at the point. More important than the elliptical mirror, however, is the parabolic, which has the property- eof converting rays parallel to the axis into a pencil through its ; or, inversely, rays from a source placed at the focus are converted into a parallel beam; hence the use of this mirror in searchlights and similar devices. </p>

</div>