<?xml version="1.0" encoding="UTF-8"?>
<div xmlns="http://www.tei-c.org/ns/1.0" xml:id="eb11-22-r-0767_02" type="entry">

<p><label> RABBET, </label>
in carpentry and masonry, the name for a rectangular groove or slot cut in the edge of a' piece of wood or stone, to which another corresponding piece can be fitted (see Joinery and Masonry). The word is an adaptation of the O. Fr. rabat or rabbat, from rabattre <sub> y </sub> i.e. abattre <sub> y </sub> beat back, abate, to make a recess, and is thus a doublet of “ rebate ” (g.r.), which is now frequently used instead of “ rabbet,” the joint being also known as a “ rebated joint.”</p>

</div>