<?xml version="1.0" encoding="UTF-8"?>
<div xmlns="http://www.tei-c.org/ns/1.0" xml:id="eb11-23-r-0029_01" type="entry">

<p><label> REFRESHER, </label>
in English legal phraseology, a further or additional fee paid to counsel where a case is adjourned from one term or sittings to another, or where it extends over more than one day and occupies, either on the first day or partly on the first and partly on a subsequent day or days, more than five hours without being concluded. The refresher allowed for every clear day subsequent to that on which the five hours have expired is five to ten guineas for a leading counsel and from three to seven guineas for other counsel, but the taxing</p>

<pb n="eb11-23-r-0030"/>
<p> master is at liberty to allow larger fees in special circumstances. See Rules of the Supreme Court <sub> } </sub> 0 . 65, r. 48. </p>

</div>