<?xml version="1.0" encoding="UTF-8"?>
<div xmlns="http://www.tei-c.org/ns/1.0" xml:id="eb11-22-r-0947_02" type="entry">

<p><label> REBAB, </label>
or Rabab (Persian rubdb;<ref xml:id="eb11-22-r-0947_02p0947-r1" target="eb11-22-r-0947_02p0947-n1">2</ref><note xml:id="eb11-22-r-0947_02p0947-n1" n="2">F. Ruckert, Grammatik, Poetik und Rhetorik der Perser <sub> t </sub> nach dem y t4n Bande des Ileſtes Kolzum (Gotha, 1874), Ρ· 8°· This translation of the introduction to the Seven Seas contains a reference to musical instruments; the one translated haute (lute) is rendered in Persian rubdb, a point ascertained through the courteous assistance of Mr A. G. Ellis, of the Oriental Department, British Museum. </note>* Arabic rabdb, rabdba;<ref xml:id="eb11-22-r-0947_02p0947-r2" target="eb11-22-r-0947_02p0947-n2">3</ref><note xml:id="eb11-22-r-0947_02p0947-n2" n="3"> Al-Farabi, 10th century, translation into Latin by J. G. Kose-garten, Alii Istoahenensis Liber. Cantilcnarum . . . arabice editur adjectaque translatione adnotationibusque (Greifswald, 1840), vol. i. pp. 36, 41, 105, 109, &amp;c. </note> Sp. ravi, rabe<ref xml:id="eb11-22-r-0947_02p0947-r3" target="eb11-22-r-0947_02p0947-n3">4</ref><note xml:id="eb11-22-r-0947_02p0947-n3" n="4">4 See poem by Juan Ruiz, archipreste de Hita, 14th century, from MS. in library of the cathedral at Toledo, quoted by Mariano Soriano Fuertes, Hist. de la Musica espaHola (Madrid), vol. i. p. 105. </note>* rabcl, arrabd <sub> } </sub> arrabil;<ref xml:id="eb11-22-r-0947_02p0947-r4" target="eb11-22-r-0947_02p0947-n4">5</ref><note xml:id="eb11-22-r-0947_02p0947-n4" n="5">From the Arabic treatise of Mahamud lbrain Axalchi, MS. No. 69, Escorial. </note>* Fr. rubbbe\ It. rubeba), an ancient stringed instrument, having a body either pear-shaped or boat-shaped and the characteristics of vaulted back and the absence of neck; also a generic modem Arabic term applied by the Mahommedans of northern Africa to various stringed instruments played with a bow.</p>
<p> As the rebab exercised a very considerable influence on the history of stringed instruments in Europe, and was undoubtedly the means through which the bow was introduced to the West, it is necessary to examine its construction before deciding whether it may be accepted as the ancestor of the violin in deference to the claim made for it by certain modern writers.<ref xml:id="eb11-22-r-0947_02p0947-r5" target="eb11-22-r-0947_02p0947-n5">6</ref><note xml:id="eb11-22-r-0947_02p0947-n5" n="6">See F. J. Fetis, Antoine Stradivari . . . Prtctdk de recherehes historiques el critiques sur Vorigine et les transformations des instru·</note>*</p>

<pb n="eb11-22-r-0948"/>
<p> The two principal forms of rebab with which we are concerned as prototypes of European instruments of the middle ages are: (i) the long and narrow boat-shaped rebab, which may be traced back to Persia in the 8th century b.c. <sub> ( </sub> and is still in use in that country; and (2) the lute-shaped rebab, with rudimentary neck consisting of the gradual narrowing of the body, which has the outline of a longitudinal section of a pear. This variety became very popular in medieval Europe under the names of rebec, gigue, geige and lyra; the archetype has been traced back to 1000 b.c. The most characteristic feature in the construction of the rebab, and of all instruments derived from it, was the body, composed of a back originally scooped out of a solid piece of wood, to which was glued without the intermediary of ribs (an important structural feature of the violin) a flat sound-board of parchment or thin wood.</p>
<p> The rebab-esh-sha'er, or “ poet's rebab,’* had a body consisting of an almost rectangular box covered with parchment and supported on an iron foot; the instrument was held like the modern violoncello. No evidence has yet been brought forward that the rebab-esh-sha'er was in use among the Arabs who conquered Spain in the 8th century; if the instrument was indeed ever introduced into Spain it has left no trace.</p>
<p> The bowed instruments of the middle ages fall naturally into two distinct classes, according to the principles observed in construction. One is the type* having a body formed on the model of a Greek or a Roman cithara, from which it was evolved by the addition of a neck and finger-board (see Guitar and Guitar-Fiddle). Instruments of this type were at all times recognized as superior and belonging to the realm of art, whereas type 2, derived from the Eastern rebab, never attained to any artistic development, and at the time when the first type had nearly reached its apogee the second was placed beyond the pale of art.</p>
<p> According to Al-Farabi, the rebab had either one string, two strings or four, obtained by doubling these two; they were tuned most often in minor thirds or in major thirds.<ref xml:id="eb11-22-r-0947_02p0948-r1" target="eb11-22-r-0947_02p0948-n1">1</ref><note xml:id="eb11-22-r-0947_02p0948-n1" n="1"> See J. P. N. Land’s paper, “ Recherches sur l’histoire de la gamme arabe,” VI. Intern. Orient. Congress, part ii. (Leiden, 1884) (Brit. Mus. press-mark, acad. 8806), p. 130, and also p. 56. </note> The Arab scholar Ash-Shakandi, who flourished in Spain about a.d. 1200, states that the rebab had been known for centuries in Spain, but was not mentioned on account of its^ want of artistic merit. Juan Ruiz, archipreste de Hita, in his enumeration<ref xml:id="eb11-22-r-0947_02p0948-r2" target="eb11-22-r-0947_02p0948-n2">2</ref><note xml:id="eb11-22-r-0947_02p0948-n2" n="2">* See Manano Soriano Fuertes, loc. cit. </note>* of the musical instruments in use in his day (14th century), mentions two rebabs, and speaks of il rave gritador con su alia noia and il rabS morisco; the shrill rebab ” (or rather rebec) “ with its high note ” is thus quoted somewhat contemptuously already in the 14th century.</p>
<p> The history of the origin of the rebab had until now not gone back beyond the 7th century a.d., and has been a matter of conjecture founded on the word rubdb or rubab, which is of Persian origin, and on the statement that the Arabs themselves declare they obtained the instrument from the Persians. Recent archaeological discoveries, however, provide abundant evidence of archetypes of both pear-shaped and boat-shaped rebabs in high antiquity. We have at present no clue to the name of the archetype, but it is clear that the el-Oud or lute of the Arabs and the wide pear-shaped rebab were practically one and the same instrument, until the advent of the bow, w hich had probably also been made known to the Arabs through the Persians, since their word for the bow, kamdn, is borrowed from the Persian, but at what date is unknown. Al-Farabi does.not mention the bow,<ref xml:id="eb11-22-r-0947_02p0948-r3" target="eb11-22-r-0947_02p0948-n3">3</ref><note xml:id="eb11-22-r-0947_02p0948-n3" n="3">* The copy of Farabi’s MS., used for their translations by Kose-garten and Land, Escorial, No. 911, dates from the middle of the 12th century. See Michael Casiri, Bibl. Arab. Hisp., vol. i. p. 347, and Forkel, Allgemeine Litteratur der Musik (Leipzig, 1792), p. 487; also R. G. Kiesewetter, Die Musik der Araber nach Originalquellen dargestellt (Leipzig, 1842), p. 64 and preface. Another MS. copy of Al-Farabi, in the Bibliotheca Ambrosiana in Milan, is described by Hammer von Purgstall in the Bibliotheca Italiana, tom. xciv. (Milan, 1839), p. 44; cf. preface in Kiesewetter, p. viii. </note>* and his chapter on the rabdba does not deal with the construction of the instrument so much as with the production of sound and the divisions of the scale.</p>
<p> As far as is known at present, the archetype of the rebab and lute family is the instrument shown in fig. 1. The terra-cotta figure of the musician discovered in Egypt (1905-6) by Professor Flinders Petrie during the course of excavations in the cemetery of Goshen<ref xml:id="eb11-22-r-0947_02p0948-r4" target="eb11-22-r-0947_02p0948-n4">4</ref><note xml:id="eb11-22-r-0947_02p0948-n4" n="4">4 Excavations carried out by the Brit. School of Archaeology in Egypt and by the Egyptian Research Account. See “ Hyksos and Israelite Cities,” by W. M. Flinders Petrie and J. Garrow Duncan, Mem. Brit. Sch. of Arch., 1906. </note> is Greek work of the post-Mycenaean age; it was found in surroundings assigned to the XXth Dynasty (c.' iooo’b^c.), and shows the earliest pear-shaped instrument yet discovered. This statuette clearly establishes the origin of the instruments named by some lyra<ref xml:id="eb11-22-r-0947_02p0948-r5" target="eb11-22-r-0947_02p0948-n5">5</ref><note xml:id="eb11-22-r-0947_02p0948-n5" n="5">6 See Laurent Grillet, Les ancêtres du violon, &amp;c. (Paris, 1901), tome i. p. 29. “ Portail occidental de l’église de Moissac,” 12th century. </note>* by others (including the present writer) rebab or rebec, common all over western Europe from the nth century, whose main characteristic is an almost entire absence of neck. Two terra-cotta statuettes of musicians playing upon ancient Persian rebabs (see fig. 2) have been excavated from the Tell at Suza<ref xml:id="eb11-22-r-0947_02p0948-r6" target="eb11-22-r-0947_02p0948-n6">6</ref><note xml:id="eb11-22-r-0947_02p0948-n6" n="6">6 See Délégation en Perte, by J. de Morgan (Paris, 1900), vol. i. pl. 8, Nos. 8 and 9, text, pp. 130 and 131. </note>* amongst objects referred to the reign of Shutruk-Nakhounta, who was king of Elam c. 789 b.c. The pear-shaped instrument, wide at the base and elongated to form a neck, with the head bent back at right angles and the strings plucked by the fingers,—the lute of the 6th century a.d.,—is seen first on a frieze from Afghanistan, forming one of the risers of steps to the tope of Jamal-Garhi. These sculptures, preserved at the British Museum, are assigned to the 2nd or 3rd century, and are said to show traces of classical influence. The same instrument is found engraved on a Sassanian silver dish in the British Museum,<ref xml:id="eb11-22-r-0947_02p0948-r7" target="eb11-22-r-0947_02p0948-n7">7</ref><note xml:id="eb11-22-r-0947_02p0948-n7" n="7">7 See Ormonde M. Dalton, The Treasures of the Oxus, catalogue of the Franks bequest to the British Museum, 1905, pl. xxvi. No. 190. </note> of workmanship assigned to a period not later than the 7th century a.d.j but probably earlier, as well as on other dishes of similar origin; one in the Hermitage, St Petersburg, was found at Irbit in 1880, on which Eros is depicted playing the lute and riding on a lion.<ref xml:id="eb11-22-r-0947_02p0948-r8" target="eb11-22-r-0947_02p0948-n8">8</ref><note xml:id="eb11-22-r-0947_02p0948-n8" n="8">8 See for an illustration and description, Comptes rendus de la commission impériale d'archéologie pour Vannée 1881 (St Petersburg, 1883)1 text, p. 53, and atlas of the same date, pl. ii. No. 10. </note> A third, found at Perm, forms part of Count Stroganov’s collection.<ref xml:id="eb11-22-r-0947_02p0948-r9" target="eb11-22-r-0947_02p0948-n9">9</ref><note xml:id="eb11-22-r-0947_02p0948-n9" n="9">* See J. R. Aspelin, Antiquités du nord, p. 141, No. 608. </note> Excavations carried out in ancient Khotan<ref xml:id="eb11-22-r-0947_02p0948-r10" target="eb11-22-r-0947_02p0948-n10">10</ref><note xml:id="eb11-22-r-0947_02p0948-n10" n="10">10 See Ancient Khotan, a detailed report of archaeological explorations in Chinese Turkestan, carried out by H.M. Indian government, by Marc Aurel Stein (Oxford, Clarendon Press, 1907), vol. ii. pl. xlvi. Nos. Yoonk, YOOiid (spoon-shaped rebab), pl. xliii. Nos. Y0028 and Y0091. </note> or Ilchi (Turkestan, on the caravan route to Kashgar) have brought to light further evidence of the ubiquity of the rebab type in Asia. In addition to the two principal types of rebab (fig. 3) mentioned above there is also to be found the spoon-shaped instrument with no neck and large round head (fig. 4), sometimes seen in European medieval sculptures and MSS. of the nth and 12th centuries.<ref xml:id="eb11-22-r-0947_02p0948-r11" target="eb11-22-r-0947_02p0948-n11">11</ref><note xml:id="eb11-22-r-0947_02p0948-n11" n="11">11 See, for instance, Psalter of Labeo Notker, 10th century, Bibl. Stift St Gallen, on the top of left-hand gable pillar. Illustration in Kathleen Schlesinger, The Instruments of the Orchestra (London, 1910), part ii., “ Precursors,” pl. iv. p. 154. </note> The pear-shaped rebab or lute appears also among the celebrated paintings in the Buddhist cave temples of Ajanta,<ref xml:id="eb11-22-r-0947_02p0948-r12" target="eb11-22-r-0947_02p0948-n12">12</ref><note xml:id="eb11-22-r-0947_02p0948-n12" n="12">“See reproductions by John Griffiths (London, 1896), vol. ii. pl. 105, cave L, 10, e. </note> assigned to the 6th century a.d. A later example at the British Museum, a fragment of a dish found at Rhajes or Ray,<ref xml:id="eb11-22-r-0947_02p0948-r13" target="eb11-22-r-0947_02p0948-n13">13</ref><note xml:id="eb11-22-r-0947_02p0948-n13" n="13">18 Brit. Mus., Ceramic Gallery, case A, Henderson Bequest, 1891.</note> * in northern Persia, {@}ments &amp; archet (Paris, 1856); Edward Heron Allen, Violin-making as it was and is (London, 1884); E. J. Payne, article “Violin” in Grove’s Dictionary of Music (1st ed.). See also The Instruments of the Orchestra (London, 1910), part ii., “ Precursors of the Violin Family,” by Kathleen Schlesinger, where the evolution of the violin is traced from the cithara of the Greeks.</p>

<pb n="eb11-22-r-0949"/>
<p> destroyed by Tenghiz Khan in the 13th centuryhas the four pegs in the side of the head. Finally, we find the instrument on the doorway of the Hfipital du Moristan<ref xml:id="eb11-22-r-0947_02p0949-r1" target="eb11-22-r-0947_02p0949-n1">1</ref><note xml:id="eb11-22-r-0947_02p0949-n1" n="1"> See Prisse d’Avennes, VA rt arabe d'aprbs les monuments du Caire du vii· au xviii* sibcle (Paris, 1877). The unnumbered plates are to be identified by the list given at the beginning of the work. </note> (Cairo), carved work of the 13th century.</p>
<p> In all these examples it is noteworthy that the strings are vibrated by plucking them with the fingers, not by means of the bow, the use of which <sub> ; </sub> in conjunction with those structural features, constitutes the violation of an acoustic principle, and therefore accounts for the failure of the instrument as Rebab and its successful development as Lute, There are, however, two early examples of bowed rebabs of Byzantine origin to be cited. A pear-shaped rebab, held like a violoncello and played by means of a very long and slender bow, is carved on one of the reliefs of an ivory casket of Italo-Byzantine work of the 8th or 9th century, belonging to the Carrand Collection, Florence (see Rebec). Another bowed instrument, of still earlier date, is to be seen among the wonderful mural paintings of the necropolis and monastery of Baouit,<ref xml:id="eb11-22-r-0947_02p0949-r2" target="eb11-22-r-0947_02p0949-n2">2</ref><note xml:id="eb11-22-r-0947_02p0949-n2" n="2">* For the illustration, see Jean C16dat, “ Le monastic et la ndcropole de Baouit,” M6m. de VInst. fr. d'arclUol. orient, du Caire <sub> t </sub> tome xii., 190.1. Chapelle, xviii. pi. Ixiv. (2). Descriptive text, p. 92. See also article " Baouit ” by the same author, descriptive of the paintings in F. Cabrol’s Diet. d'arch. chrU. et de liturgie (Paris, 1907), fasc, xii. B., p. 250b, · </note>* assigned to the 8th century at the latest, but probably dating from the 6th or 7th.</p>
<p> The examination of all these representations of the rebab, ranging from 1000 B.c. to the 13th century a.d., tends to show that the instrument had its origin in the East, and was widely distributed over Asia Minor, India and Persia before the 6th century a.d. Similar archaeological documents of the middle ages suggest the possibility that we are not indebted to the Arabs alone for the introduction of the rebab and bow and of the lute into Europe by way of Spain, early in the 8th century, but that they had probably already made their way into southern and central Europe from the East through the influence of the Byzantine Empire and of the Christian East generally.</p>
<p> It is clear also that the instruments of the rebab type were at first twanged with the fingers, and the bow was apparently not invented for the rebab but only applied to it. All arguments in favour of including the rebab among the ancestors of the violin on the score of the bow lose their force, and as the rebab possessed no structural feature in common with the violin the question may be considered settled negatively.</p>
<p> For the European development of the rebab, see Rebec. (K. S.)</p>

</div>