<?xml version="1.0" encoding="UTF-8"?>
<div xmlns="http://www.tei-c.org/ns/1.0" xml:id="eb11-22-r-0766_05" type="entry">

<p><label> RABBAH BAR </label>
NAflMANI (c. 270-c. 330), a Babylonian rabbi or amora (?.t&gt;.). He was for twenty-two years head of the Academy at Pumbeditha. His great dialectic skill acquired </p>

<pb n="eb11-22-r-0767"/>
<p> for him the epithet “ uprooter of mountains.” The Talmud owes much to this rabbi. He is said to have perished in a jungle into which he had fled from the officers of the Persian king.</p>
<p> See Graetz, History of the Jews (Eng. trans.) <sub> ( </sub> vol. ii. ch. xxi.; Bacher, Agada der Babyl. Amoraer, 97-101. (1. A.)</p>

</div>