<?xml version="1.0" encoding="UTF-8"?>
<div xmlns="http://www.tei-c.org/ns/1.0" xml:id="eb11-22-r-0886_02" type="entry">

<p><label> RANDOLPH, JOHN </label>
(1773-1833), of Roanoke, American statesman. He was a member of an influential and wealthy Virginian family, and was the third and youngest son of John Randolph of Cawsons, Chesterfield county, where he was born on the 2nd of June 1773. He was a descendant of John Rolfe and his wife Pocahontas. His father having died in 1775, his early years were passed under the care of his mother and his stepfather, Mr St George Tucker, from whom, however, he eventually became estranged, as he did from almost every one with whom he was intimately associated. He attended a school at Williamsburg, Virginia, and for a short time studied at Princeton and at Columbia; but, although well read in modern works bearing on politics and philosophy, his own statement, <sup> u </sup> I am an ignorant man, sir,” was in other respects not inaccurate. Both his religious and his political views were radical and extreme. At an early period he imbibed deistical opinions, which he promulgated with eagerness. He was also, though a mere boy when the new Federal government was organized in 1789, strongly opposed to the new Constitution of the United States. In order to assist in asserting the right of resistance to national laws, and to withstand the “ encroachments of the administration upon the indisputable rights ” of Virginia, he was in 1799 elected as a Republican to the national House of Representatives, of which he was a member, with the exception of two terms (1813-15 and 1817-19), until 1825, and again in 1827-29. After the accession of Jefferson to the presidency in 1801, Randolph was appointed chairman of the Committee of Ways and Means, and as such was naturally the leader of the Republican majority in the House. He took an active part in agitating for the reform of the judiciary, and in 1804 moved the impeachment of Judge Samuel Chase (#.:&gt;.), acting as the leader of prosecution in the trial before the Senate. Though an avowed Republican, he was far from being subservient to his party, and for several years after 1805 led a small faction, called “ Quids,” which sharply criticized Jefferson and attempted to prevent the selection of Madison as the <sup> 1 </sup> <sup> </sup> The plan was not drafted by Randolph, but he presented it because he was governor. It called for a legislature of two branches, one chosen by the people and based on free population (or on wealth) and the other chosen by the first out of candidates nominated by the state legislatures; a majority vote only .was required in each house; and Congress was to have a negative on such state legislation as seemed to the Congress to contravene the articles of the Union. There was to be, under this plan, an executive chosen by the national legislature, to be ineligible for a second term, to have general authority to execute the national laws and to have the executive rights vested in Congress by the Confederation; and the executive with a convenient number of the national judiciary was to compose a Council of Revision, with a veto power on acts of the national legislature and on the national legislature’s vetoes of acts of state legislatures—but the national legislature might pass bills (or vetoes of state legislation) over the action of the Council of Revision. The plan provided for a Federal judiciary, the judges to be appointed by the national legislature, to hold office during good behaviour, and to have jurisdiction over cases in admiralty and cases in which foreigners or citizens of different states were parties. The Virginia plan was opposed by the smaller states, Connecticut, New Jersey, Delaware and Maryland, which demanded equal representation in the legislature. It was too radically different from the Articles of Confederation. A draft of a constitution in Randolph’s handwriting, discovered in 1887, seems to have been the report (6th August) of a Committee of Detail of five members (John Rutledge, Edmund Randolph, Nathaniel Gorham, Oliver Ellsworth and James Wilson). It is reproduced in facsimile in W. M. Meigs’s The Growth of the Constitution (Philadelphia, 1900). Conway, who discovered it, exaggerated its importance and thought it had been drawn by Randolph alone ana before the Convention. </p>

<pb n="eb11-22-r-0887"/>
<p> presidential candidate of his party. In March 1807 he lost the chairmanship of the Ways and Means Committee. Possessing considerable wit, great readiness, and a showy if somewhat bombastic eloquence, he would undoubtedly have risen to high influence but for his strong vein of eccentricity and his bitter and ungovernable temper. The championship of state's rights was carried by him to an extreme utterly quixotic, inasmuch as he not only asserted the constitutional right of Virginia to interpose her protest against the usurpation of power at Washington, but claimed that the protest should be supported by force. From December 1825 to March 1827 he served in the United States Senate, and in April 1826 he was forced to fight a duel with Henry Clay, on account of his violent abuse of that statesman in the course of a debate. In 1830 he was sent by President Jackson on a special mission to Russia, but remained in St Petersburg only ten days, then spent almost a year in England, and on his return in October 1831 drew $21,407 from the United States Treasury for his services. He died of consumption at Philadelphia on the 24th of June 1833. Though his political life was full of inconsistencies—he was even capable of advocating the passage of a bill on one day and of opposing the passage of the same bill on the next—he generally adhered to the principles enunciated by the Republican party in its earliest years, and throughout his later career, in numerous speeches, he laboured to bring about the identification of slavery with the theory of states' rights. In this he was the natural precursor of Calhoun. His last will was disputed in the law courts, and the jury returned a verdict that in the later years of his life he was not of sane mind. He was always in theory opposed to slavery, and by the will which was accepted by the courts, freed his own slaves.</p>
<p> The best biography is that by Henry Adams, John Randolph (Boston, 1882), in the “ American Statesmen Series." There is also a biography, which, however, contains many inaccuracies, by Hugh A. Garland (2 vols., New York, 1851).</p>

</div>