<?xml version="1.0" encoding="UTF-8"?>
<div xmlns="http://www.tei-c.org/ns/1.0" xml:id="eb11-22-r-0920_01" type="entry">

<p><label> RAU, KARL HEINRICH </label>
(1792-1870), German political economist, was born at Erlangen on the 29th of November 1792. He studied from 1808 to 1812 at the university there, where he afterwards remained as a Privatdozent. In 1814 he obtained the prize offered by the academy of Göttingen for the best treatment of the question how the disadvantages arising from the abolition of trade gilds might be removed. His memoir, greatly enlarged, was published in 1816 under the title Über das Zunftwesen und die Folgen seiner Aufhebung. In the same year appeared his Primae lineae historiae politices. In 1818 he became professor at Erlangen. In 1822 he was called to the chair of political economy at Heidelberg where the rest of his life was spent, in the main, ip teaching and research. He took some part, however, in public affairs: in 1837 he was nominated a member of the first chamber of the duchy of Baden, and in 1851 he was one of the commissioners sent to England on the part of the Zollverein to study the Industrial Exhibition. A result of this mission was his account of the agricultural implements exhibited at London ( Die landwirthsckaftlichen Geräthe der Londoner Ausstellung , 1853). He was elected a corresponding member of the French Institute in 1856. He died at Heidelberg on the 18th of March 1870. His principal work is the Lehrbuch der politischen Ökonomie (1826-37), <sup> an </sup> encyclopaedia of the economic knowledge of his time, written with a special view to the guidance of practical men. The three volumes are respectively occupied with (1) political economy, properly so called, or the theory of wealth, (2) administrative science ( Volkswirthschaftspolitik ) and (3) finance. The tw’o last he recognizes as admitting of variations in accordance with the special circumstances of different countries, whilst the first is more akin to the exact sciences, and is in many respects capable of being treated, or at least illustrated, mathematically. This threefold division marks his close relation to the older German cameralistic writers, with whose works he was familiarly acquainted. It is a consequence in part of his conformity to their method and his attention to* administrative applications that his treatise was found peculiarly adapted for the use of the official class, and long maintained its position as their special text-book. He was the economic teacher, says Roscher, of the well-governed middle states of Germany from 1815 to 1848. The book has passed through many editions; in that of 1870 by Adolf Wagner it was transformed into a new book. In the earlier part of his scientific life Rau tended strongly towards the relative point of view and an historical method in economics, but he never actually joined the historical school. To the end he occupied a somewhat indeterminate position with respect to that school; on the whole, however, he more and more subordinated historical investigation to immediate practical interests, and in his economic politics moved in the direction of limiting rather than extending the sphere of state action. His genera] merits are thoroughness of treatment, accuracy of statement, and balance of judgment; he shows much industry in the </p>

<pb n="eb11-22-r-0921"/>
<p> collection and skill in the utilization of statistical facts; and his exposition is orderly and clear.</p>
<p> Besides the publications already mentioned, lie was author of the following:—Ansichten der Volkswirthschaft, 1821; Mai thus und Say fiber die Ursachen der ietzigen Handelsstockung, 1821: Grnndriss der Kameralwissenschaft oaer Wirthschafislehre, 1823; Ober die Kameralwissenschaft, Entxoickelung Hires Wesens und Hirer Theile, 1825; Ober die Landwirihschaft der Rhein pfalz, 1830; and Geschichie des Pflttges, 1845.</p>
<p> Rau founded in 1834 the Archiv der poliiischen ukonomie und Polizeiivissenschaft, in which he wrote a number of articles, afterwards issued in separate form: amongst them may be named those on the debt of Baden, on the accession of Baden to the Zollverein, on the crisis of the Zollverein in the summer of 1852, on the Ameriain banks, on the English poor law, on List's national system of political economy and on the minimum size of a peasant property.</p>

</div>