<?xml version="1.0" encoding="UTF-8"?>
<div xmlns="http://www.tei-c.org/ns/1.0" xml:id="eb11-22-r-0885_01" type="entry">

<p><label> RANC</label>
fi, ARMAND JEAN LE BOUTHILLIER DE (1626-1700), founder of the Trappist Cistercians. He was born in Paris of a noble and influential family of Normandy; hence, being destined to the ecclesiastical state, he was when ten years old commendatory abbot of La Trappe and two other abbeys, prior of two priories, and canon of N6tre Dame, Paris. At twelve he published a translation of Anacreon. He went through his course of theological studies with great distinction, defeating Bossuet at the Baccalaureat in theology. He was ordained in 1651, and embarked on the ambitious and worldly career of a court abb£ in the days of Louis XIV. But after a few years he underwent a complete change of life, and in 1662 he retired to his abbey of La Trappe, of which he became regular abbot in 1664 and introduced an austere reform (see Trappists). The best known episode of his subsequent life was the “ Contestation ” with Mabillon on the lawfulness of monks devoting themselves to study, which De Ranc6 denied. He resigned his abbacy in 1695, owing to declining health, and died in 1700.</p>
<p> The best of the early lives is that of P. le Nain, his sub-prior (1715); the most recent is by M. Serrant, L'AbM de Ranci el Bossuet (1003). A sufficient sketch is given by Helyot^Histoire des ordres reſigteux (1718), vi. c. 1. On the “ Contestation ” on Monastic Studies, see Maitland, Dark Ages <sub> f </sub> § x. (E. C. B.)</p>

</div>