<?xml version="1.0" encoding="UTF-8"?>
<div xmlns="http://www.tei-c.org/ns/1.0" xml:id="eb11-22-r-0971_02" type="entry">

<p><label> REDSTART, </label>
a bird well known in Great Britain, in many parts of which it is called firetail—a name of almost the same meaning, since “ start ” is from the Anglo-Saxon steort a tail. This beautiful bird, Ruticilla phoenicurus, returns to England about the middle or towards the end of April, and at once takes up its abode in gardens, orchards and about old buildings, when its curious habit of flirting at nearly every change of position its brightly-coloured tail, together with the pure white forehead, the black throat, and bright bay breast of the cock, renders him conspicuous, even if attention be not drawn by his lively though intermittent song. The hen is much more plainly attired; but the characteristic colouring and action of the tail pertain to her equally as to her mate. The nest is almost always placed in a hole of a tree or building, and contains from five to seven eggs of a delicate greenish blue, occasionally sprinkled with faint red spots. The young on assuming their feathers present a great resemblance to those of the redbreast (q.v) at the same age; but the red tail, though of duller hue than in the adult, forms even at this early age an easy means of distinguishing them. The redstart breeds regularly in all the counties of England and Wales. It also reaches the extreme north of Scotland; but in Ireland it is very rare. It appears throughout the whole of Europe in summer, and is known to winter in the interior of Africa. Several very nearly allied forms occur in Asia; and one, R. aurorea, in Japan.</p>
<p> A congeneric species which has received the name of black redstart, Ruticilla titys,<ref xml:id="eb11-22-r-0971_02p0971-r1" target="eb11-22-r-0971_02p0971-n1">1</ref><note xml:id="eb11-22-r-0971_02p0971-n1" n="1"> The orthography of the specific term would seem to be titis (Ann. Nat. History, ser. 4, x. p. 227), a word possibly cognate with the first syllable of titlark and titmouse.</note> is very common throughout the greater part of the continent of Europe, where, from its partiality for gardens in towns and villages, it is often better known than the preceding species. It yearly occurs in certain parts of England, chiefly along or near the south coast, and curiously enough during the autumn and winter, since it is in central Europe only a summer visitor, and it has by no means the high northern range of R. phoenicurus. The males of the black redstart seem to be more than one year in acquiring their full plumage (a rare thing in Passerine birds), and since they have been known to breed in the intermediate stage this fact has led to such birds being accounted a distinct species under the name of R. cairii, <sub> </sub> thereby perplexing ornithologists for a long while, though now almost all authorities agree that these birds are, in one sense, immature.</p>
<p> More than a dozen species of the genus Ruticilla have been described, and the greater number of them seem to belong to the Himalayan sub-region or its confines. One very pretty and interesting form is the R. moussieri of Barbary, which allies the redstart to the stone-chats (see Wheatear), and of late some authors have included it in that genus. In an opposite direction the bluethroats, apparently nearer to the redstarts than to any other type, arc placed in the genus Cyanecula, containing two or three distinguishable forms: (r) C. suecica, with a bright bay spot in the middle of its clear blue throat, breeding in Scandinavia, Northern Russia and Siberia, and wintering in Abyssinia and India, though rarely appearing in the intermediate countries, to the wonder of all who have studied the migration</p>

<pb n="eb11-22-r-0972"/>
<p> of birds; (2) C. leucocyanea , with a white instead of a red gular spot, a more Western form, ranging from Barbary to <sub> &gt; </sub> Germany and Holland; (3) C. woifi , with its throat wholly blue—a form of comparatively rare occurrence. The first of these is a not infrequent, though very irregular, visitant to England, while the second has appeared there but seldom, and the third never, so far as is known. The redstarts with their allies mentioned in this article belong to the subfamily Turdinae of the thrushes (?.v.). In America the name redstart has been bestowed upon a bird which has some curious outward resemblance, both in looks and manners, to that of the Old Country, though the two are in the opinion of some systematists nearly as widely separated from each other as truly Passerine birds well can be. The American redstart is Setophaga ruticüla , belonging to the purely New-World family Mniotiltidae, and to a genus which contains about a dozen species, ranging from Canada (in summer) to Bolivia. (A. N.) </p>

</div>