<?xml version="1.0" encoding="UTF-8"?>
<div xmlns="http://www.tei-c.org/ns/1.0" xml:id="eb11-22-r-0917_01" type="entry">

<p><label> RATISBONNE, LOUIS GUSTAVE </label>
FORTUNfi (1827-1900), French man of letters, was born at Strassburg on the 29th of July 1827. He studied at the school of his native town and at the .College Henry IV. in Paris. He was connected with the Joufnal des D6bats from 1853 to 1876; became librarian of the palace of Fontainebleau in 1871, and three years later to the Senate. Louis Ratisbonne’s most important work was a verse translation of the Divina Commedia <sub> t </sub> in which the original is rendered tercet by tercet into French. UEnfer (1852) was crowned by the Academy; Le Purgatoire (1857) and Le Paradis 1859) received the prix Bordin. He is also the author of some charming fables and verses for children: La Com6die enfantine (i860), Lcs Figures jeunes (1865) and others. He was literary executor of Alfred de Vigny, whose Destinies (1864) and Journal d <sup> y </sup> un pobte (1867) he published. Ratisbonne died in Paris on the 24th of September 1900.</p>

</div>